id,created_at,source,in_reply_to_status_id_str,in_reply_to_user_id_str,in_reply_to_screen_name,user_id_str,user_screen_name,place_country_code,place_full_name,is_quote_status,retweet_count,favorite_count,favorited,retweeted,lang,text
1068288046431391744,2018-11-29 23:38:12,Instagram,,,,26038216,Str1ckii,,,False,0,1,False,False,en,Water finds a way. #river #longexposure #longexposure_shots #water #stream #woods #woodland #kennalvale #cornwall‚Ä¶ https://t.co/oCA5AOJOZP
1069347602011996160,2018-12-02 21:48:30,Twitter for iPhone,,,,83878047,jamesthebigfish,,,False,5,31,False,False,en,"Its amazing the diversity of species in Britain‚Äôs chalk streams, here‚Äôs a mixed bag of different species from my re‚Ä¶ https://t.co/arrGZSXQkQ"
1069024071332040705,2018-12-02 00:22:54,TweetCaster for Android,,,,183386602,RiverSwami,,,False,0,2,False,False,en,USGS: #Delaware #River @ #Trenton NJ
 Temp 41.5¬∞Füå°Ô∏è
 pH 7.4
 Streamflow 33000cfs
 Gage height 12.6ftüí¶
 Turbidity 5.4FNU‚Ä¶ https://t.co/DxKjQVniY7
1070105356787957760,2018-12-04 23:59:33,Twitter Web Client,,,,704012945,mark_fearn_art,,,False,2,5,False,False,en,By the Stream #art by Mark https://t.co/v1iyjheyFK  #Painting #abstract #contemporaryart #abstractart #abstractpainting #interiordesign #Edinburgh #London #NewYork #portrait #scottishart #figure #movement #figurative #LosAngeles #Miami #water #River #peace #feelings #anatomy https://t.co/nRh9FMRoNb
1069901583738134528,2018-12-04 10:29:50,Twitter for iPhone,,,,382745451,Resolute_Bettys,,,False,0,1,False,False,en,Take me back to Zion! Fun time hiking up river #hike #zion #hiking #river #upstream #workout‚Ä¶ https://t.co/Mk7tGjwfBF
1069836827501256705,2018-12-04 06:12:30,Twitter Web Client,,,,480618356,BethEHWilliams,,,False,5,0,False,False,en,"RT @jamesthebigfish: Its amazing the diversity of species in Britain‚Äôs chalk streams, here‚Äôs a mixed bag of different species from my recen‚Ä¶"
1070109353603145728,2018-12-05 00:15:26,The Edinburgh Forum app,,,,1037405206529671168,Edinburgh_forum,,,False,2,0,False,False,en,RT @mark_fearn_art: By the Stream #art by Mark https://t.co/v1iyjheyFK  #Painting #abstract #contemporaryart #abstractart #abstractpaint‚Ä¶
1070914103105990657,2018-12-07 05:33:13,Twitter Web Client,,,,904229330628333573,DazeSprite,,,False,180,0,False,False,en,RT @AstridIdrilFox: I drew concept art for my animation/PMV thing about Graystripe and Silverstream which I'm working on ^^  #Warriors #war‚Ä¶
1071219076679299072,2018-12-08 01:45:04,Buffer,,,,92777454,sandman_kk,,,False,0,2,False,False,en,"[Upload] https://t.co/UHzeGcxKz3 Shibuya Stream. 8104 #Tokyo, #Japan, #street, #river, #perspective, #urban,‚Ä¶ https://t.co/mBUfGdOYYz"
1071889161320325123,2018-12-09 22:07:45,Twitter for iPhone,,,,18300176,adnys,US,"South Dakota, USA",False,0,1,False,False,en,When the in-flight livestream comes back. #BocaRiver https://t.co/5sXgwgUJQv
1072306243220459520,2018-12-11 01:45:05,Buffer,,,,92777454,sandman_kk,,,False,0,0,False,False,en,"[Upload] https://t.co/h9jgjK2GhM Shibuya Stream. 8127 #Tokyo, #Japan, #street, #river, #view, #perspective, #urban,‚Ä¶ https://t.co/L3y4zCPHJD"
1068493374733279232,2018-11-30 13:14:06,Instagram,,,,15302482,poet7rd,,,False,0,0,False,False,en,"Water Stream, #uncleuleephotos, #brushstrokesapp, #river, #creek, #waterstream, #cascade, #digitalart, #nature,‚Ä¶ https://t.co/o5L1cLTdms"
1069012272452956162,2018-12-01 23:36:01,DailyPhotoRTG_Schnittstelle,,,,769310349791232000,DailyPhotoRTG,,,False,3,0,False,False,en,RT @Vemil13: Guide Mark #ThePhotoHour #dailyphoto #MyPhoto #photoart #water #stream #river #nature #longexposure #blackandwhite https://t.c‚Ä¶
1068818148537888768,2018-12-01 10:44:38,Aldo Zaffalon,,,,2785271728,yamatho2,,,False,3,0,False,False,en,RT @Vemil13: Guide Mark #ThePhotoHour #dailyphoto #MyPhoto #photoart #water #stream #river #nature #longexposure #blackandwhite https://t.c‚Ä¶
1068817033360478208,2018-12-01 10:40:13,TweetDeck,,,,3291337947,ThePhotoHour,,,False,3,0,False,False,en,RT @Vemil13: Guide Mark #ThePhotoHour #dailyphoto #MyPhoto #photoart #water #stream #river #nature #longexposure #blackandwhite https://t.c‚Ä¶
1068815505362956288,2018-12-01 10:34:08,Twitter Web Client,,,,1536451098,Vemil13,,,False,3,10,False,False,en,Guide Mark #ThePhotoHour #dailyphoto #MyPhoto #photoart #water #stream #river #nature #longexposure #blackandwhite https://t.co/9ueRn7ayUc
1069342459027775488,2018-12-02 21:28:04,Instagram,,,,69086559,earlybirder,,,False,0,0,False,False,en,#woodland #river #stream #meander #oxbowlake #geography #physicalgeography #bbowt #rushbeds @ Brill https://t.co/aojQFQaKNG
1069142806122369026,2018-12-02 08:14:43,Aldo Zaffalon,,,,2785271728,yamatho2,,,False,1,0,False,False,en,RT @SVPcharity: Feargal Sharkey‚Äôs mission to save our chalk streams #water #pollution #fish #river https://t.co/132RJTz9An
1069140731204444160,2018-12-02 08:06:28,Twitter for iPad,,,,526584117,SVPcharity,,,False,1,1,False,False,en,Feargal Sharkey‚Äôs mission to save our chalk streams #water #pollution #fish #river https://t.co/132RJTz9An
1069620033750331392,2018-12-03 15:51:03,Twitter for Android,,,,47262457,sadhanak,,,False,2,0,False,False,en,RT @NitinNaik5: The #crested #tern perched on wooden poles midstream in the #river make a pretty #picture. They spend a lot of time preenin‚Ä¶
1069619697577005056,2018-12-03 15:49:43,Twitter for iPhone,,,,561293117,NitinNaik5,,,False,2,16,False,False,en,The #crested #tern perched on wooden poles midstream in the #river make a pretty #picture. They spend a lot of time‚Ä¶ https://t.co/8Cdw2inDqE
1069517573451104256,2018-12-03 09:03:54,IFTTT,,,,26730725,petersmithca,,,False,0,1,False,False,en,My kind of streaming.  #stream #longexposure  #naturephotography  #river  #igershalifax  #igers_novascotia‚Ä¶ https://t.co/mcUxE4kaj2
1070010464640348160,2018-12-04 17:42:29,Instagram,,,,20561849,michaeldean0116,US,"Little Rock, AR",False,0,0,False,False,en,Praise the bridge that carried you over. -George Colman #bridge #water #river #stream #architecture #autumn‚Ä¶ https://t.co/NMXHRLP9ho
1069981370833874944,2018-12-04 15:46:52,Hootsuite,,,,1951946858,DelRivCoalition,,,False,1,0,False,False,en,RT @ANSStreamTeam: The #DelawareRiver has been nominated #river of the year! #vote to support this nomination for our great waterway! https‚Ä¶
1069779669937836032,2018-12-04 02:25:23,Twitter for Android,,,,795592050901028865,itschandany,,,False,2,0,False,False,en,RT @NitinNaik5: The #crested #tern perched on wooden poles midstream in the #river make a pretty #picture. They spend a lot of time preenin‚Ä¶
1070459513034158080,2018-12-05 23:26:50,Twitter Web Client,,,,1070417203982405632,ArtLodestone,,,False,0,1,False,False,en,My kind of entertainment and education! #nature #river #livestream #Earth #MotherEarth #Wild #ShowYourWild‚Ä¶ https://t.co/R7XrrO8NKM
1070448719542181888,2018-12-05 22:43:57,Twitter for Android,,,,826564332,gabriel67891734,,,False,25,0,False,False,en,"RT @skrokon: The 7,000 Streams that Become the #Mississippi #River.
 @riverine_people
 https://t.co/RfGvApd0ja https://t.co/u3P0wmAxbr"
1070420473375264768,2018-12-05 20:51:42,Twitter Web Client,,,,1013036604301168640,WSchemes,,,False,25,0,False,False,en,"RT @skrokon: The 7,000 Streams that Become the #Mississippi #River.
 @riverine_people
 https://t.co/RfGvApd0ja https://t.co/u3P0wmAxbr"
1070377431905824768,2018-12-05 18:00:41,Twitter for Android,,,,476140015,MgayaLums,,,False,25,0,False,False,en,"RT @skrokon: The 7,000 Streams that Become the #Mississippi #River.
 @riverine_people
 https://t.co/RfGvApd0ja https://t.co/u3P0wmAxbr"
1070373752641343500,2018-12-05 17:46:03,Twitter for Android,,,,25081451,SaleemulHuq,,,False,25,0,False,False,en,"RT @skrokon: The 7,000 Streams that Become the #Mississippi #River.
 @riverine_people
 https://t.co/RfGvApd0ja https://t.co/u3P0wmAxbr"
1070364226865238016,2018-12-05 17:08:12,Twitter Web Client,,,,27690496,GreenRoofGrower,,,False,25,0,False,False,en,"RT @skrokon: The 7,000 Streams that Become the #Mississippi #River.
 @riverine_people
 https://t.co/RfGvApd0ja https://t.co/u3P0wmAxbr"
1070336013585784834,2018-12-05 15:16:06,Twitter for iPhone,,,,143844718,ByHedge,,,False,25,0,False,False,en,"RT @skrokon: The 7,000 Streams that Become the #Mississippi #River.
 @riverine_people
 https://t.co/RfGvApd0ja https://t.co/u3P0wmAxbr"
1070332614945443842,2018-12-05 15:02:35,Twitter for iPhone,,,,198527861,sdosemagen,,,False,25,0,False,False,en,"RT @skrokon: The 7,000 Streams that Become the #Mississippi #River.
 @riverine_people
 https://t.co/RfGvApd0ja https://t.co/u3P0wmAxbr"
1070320690648309761,2018-12-05 14:15:12,Twitter Web Client,,,,4518716163,fester_thomas,,,False,25,0,False,False,en,"RT @skrokon: The 7,000 Streams that Become the #Mississippi #River.
 @riverine_people
 https://t.co/RfGvApd0ja https://t.co/u3P0wmAxbr"
1070318859263987712,2018-12-05 14:07:56,Twitter for iPad,,,,18251107,Purshia,,,False,25,0,False,False,en,"RT @skrokon: The 7,000 Streams that Become the #Mississippi #River.
 @riverine_people
 https://t.co/RfGvApd0ja https://t.co/u3P0wmAxbr"
1070316724912877569,2018-12-05 13:59:27,Twitter for iPhone,,,,84350127,rebecca_altman,,,False,25,0,False,False,en,"RT @skrokon: The 7,000 Streams that Become the #Mississippi #River.
 @riverine_people
 https://t.co/RfGvApd0ja https://t.co/u3P0wmAxbr"
1070311003303202816,2018-12-05 13:36:43,Twitter for Android,,,,49881109,prabhudesai,,,False,2,0,False,False,en,"RT @NitinNaik5: The #Osprey waits patiently perched on a wooden pole midstream on the Zuari #river in #Goa plotting it‚Äôs next sortie, snatc‚Ä¶"
1070297631870447616,2018-12-05 12:43:35,Twitter Web Client,,,,19451700,eric_vanpraag,,,False,25,0,False,False,en,"RT @skrokon: The 7,000 Streams that Become the #Mississippi #River.
 @riverine_people
 https://t.co/RfGvApd0ja https://t.co/u3P0wmAxbr"
1070293273992941568,2018-12-05 12:26:16,Twitter for Android,,,,106448991,H2odges,,,False,25,0,False,False,en,"RT @skrokon: The 7,000 Streams that Become the #Mississippi #River.
 @riverine_people
 https://t.co/RfGvApd0ja https://t.co/u3P0wmAxbr"
1070292517286043648,2018-12-05 12:23:15,Twitter for iPhone,,,,19420958,StuartMcLelland,,,False,25,0,False,False,en,"RT @skrokon: The 7,000 Streams that Become the #Mississippi #River.
 @riverine_people
 https://t.co/RfGvApd0ja https://t.co/u3P0wmAxbr"
1070287183003582464,2018-12-05 12:02:04,Twitter for Android,,,,875962627196833793,habib_6002,,,False,25,0,False,False,en,"RT @skrokon: The 7,000 Streams that Become the #Mississippi #River.
 @riverine_people
 https://t.co/RfGvApd0ja https://t.co/u3P0wmAxbr"
1070276899534909441,2018-12-05 11:21:12,Twitter for Android,,,,2492383207,Alamin49461671,,,False,25,0,False,False,en,"RT @skrokon: The 7,000 Streams that Become the #Mississippi #River.
 @riverine_people
 https://t.co/RfGvApd0ja https://t.co/u3P0wmAxbr"
1070274958826266624,2018-12-05 11:13:29,Twitter for Android,,,,973283683,vanesa0b1,,,False,25,0,False,False,en,"RT @skrokon: The 7,000 Streams that Become the #Mississippi #River.
 @riverine_people
 https://t.co/RfGvApd0ja https://t.co/u3P0wmAxbr"
1070274525223370752,2018-12-05 11:11:46,Twitter Web Client,,,,422971305,WoodinRivers,,,False,25,0,False,False,en,"RT @skrokon: The 7,000 Streams that Become the #Mississippi #River.
 @riverine_people
 https://t.co/RfGvApd0ja https://t.co/u3P0wmAxbr"
1070273732885782528,2018-12-05 11:08:37,Twitter for iPhone,,,,861686077,MaxLiboiron,,,False,25,0,False,False,en,"RT @skrokon: The 7,000 Streams that Become the #Mississippi #River.
 @riverine_people
 https://t.co/RfGvApd0ja https://t.co/u3P0wmAxbr"
1070273661012037632,2018-12-05 11:08:20,Twitter Web Client,,,,162638920,skrokon,,,False,25,102,False,False,en,"The 7,000 Streams that Become the #Mississippi #River.
 @riverine_people
 https://t.co/RfGvApd0ja https://t.co/u3P0wmAxbr"
1070770144442507264,2018-12-06 20:01:11,Instagram,,,,221113905,Agharti34,IT,"Livo, Lombardia",False,0,0,False,False,en,Small waterfall in the woods
 .
 .
 .
 #Italy #Lombardia #water #nature #stream #river #leaf #outdoors #wood‚Ä¶ https://t.co/ddWJkvt3CR
1070768708195442690,2018-12-06 19:55:28,Twitter for iPhone,,,,778513486754246656,MUCKBUTCH,,,False,25,0,False,False,en,"RT @skrokon: The 7,000 Streams that Become the #Mississippi #River.
 @riverine_people
 https://t.co/RfGvApd0ja https://t.co/u3P0wmAxbr"
1070767054515552256,2018-12-06 19:48:54,Twitter Web Client,,,,3741293727,tictacbergerac,,,False,25,0,False,False,en,"RT @skrokon: The 7,000 Streams that Become the #Mississippi #River.
 @riverine_people
 https://t.co/RfGvApd0ja https://t.co/u3P0wmAxbr"
1070766958000439301,2018-12-06 19:48:31,Twitter for iPhone,,,,895283549066211328,PlanetEarthGeol,,,False,25,0,False,False,en,"RT @skrokon: The 7,000 Streams that Become the #Mississippi #River.
 @riverine_people
 https://t.co/RfGvApd0ja https://t.co/u3P0wmAxbr"
1070737892325101569,2018-12-06 17:53:01,Twitter for iPhone,,,,730996090409869316,teddygofficial,,,False,25,0,False,False,en,"RT @skrokon: The 7,000 Streams that Become the #Mississippi #River.
 @riverine_people
 https://t.co/RfGvApd0ja https://t.co/u3P0wmAxbr"
1070699641526726657,2018-12-06 15:21:01,IFTTT,,,,707894140109885441,TheVisuality,,,False,0,0,False,False,en,River streaming over the ground... .
 .
 .
 #water #palm #environment #beautiful #seashore #season #outdoors #tourism‚Ä¶ https://t.co/1aMjsU1xww
1070579404563111936,2018-12-06 07:23:15,Twitter Web Client,,,,2514234883,_James_Elmore,,,False,25,0,False,False,en,"RT @skrokon: The 7,000 Streams that Become the #Mississippi #River.
 @riverine_people
 https://t.co/RfGvApd0ja https://t.co/u3P0wmAxbr"
1070552720409542656,2018-12-06 05:37:13,Twitter for iPad,,,,2269364113,frangrancha,,,False,25,0,False,False,en,"RT @skrokon: The 7,000 Streams that Become the #Mississippi #River.
 @riverine_people
 https://t.co/RfGvApd0ja https://t.co/u3P0wmAxbr"
1070495286680842240,2018-12-06 01:48:59,Twitter for iPhone,,,,1037900858174984193,TaleaMayo,,,False,25,0,False,False,en,"RT @skrokon: The 7,000 Streams that Become the #Mississippi #River.
 @riverine_people
 https://t.co/RfGvApd0ja https://t.co/u3P0wmAxbr"
1071011571822931968,2018-12-07 12:00:31,Instagram,,,,65443290,chazzy_d,,,False,0,0,False,False,en,#water #shropshirehills #shropshire #nature #landscape #stream #river #longexpsosure #landscapephotography #sonya7r‚Ä¶ https://t.co/VsSnYMR00L
1071457239855218688,2018-12-08 17:31:27,Instagram,,,,30752275,NicholasVitale,,,False,0,0,False,False,en,River Stream Nicholas Vitale on Apple Music &amp; Spotify üå≤üå≤üå≤ Download on iTunes | Amazon  #centennialpark #nashville‚Ä¶ https://t.co/nwvujmtd5D
1071392613377499138,2018-12-08 13:14:39,Aldo Zaffalon,,,,2785271728,yamatho2,,,False,1,0,False,False,en,RT @pilotnavia: Reposting @michaeldeanshelton: Praise the bridge that carried you over. -George Colman #bridge #water #river #stream #archi‚Ä¶
1071286976207302656,2018-12-08 06:14:53,TwitterAppBots,,,,2595870686,daniceraj,,,False,1,0,False,False,en,RT @TheVisuality: River bank..... . . . . #shore #stream #environment #stone #beautiful #river #summer #horizontal_plane #beach #no_person‚Ä¶
1071273356270469120,2018-12-08 05:20:46,IFTTT,,,,707894140109885441,TheVisuality,,,False,1,0,False,False,en,River bank..... . . . . #shore #stream #environment #stone #beautiful #river #summer #horizontal_plane #beach‚Ä¶ https://t.co/GlFdFh5i31
1071255818161422336,2018-12-08 04:11:04,Travel01,,,,795466031032635393,AccTravel,,,False,1,0,False,False,en,RT @JoeyOstrander: #üå≥ #thewoods a #stream that all follow a #waterfall [__________________________] #hike #river #forest #undergrowth #heml‚Ä¶
1071242302625062912,2018-12-08 03:17:22,Instagram,,,,362191729,JoeyOstrander,,,False,1,0,False,False,en,#üå≥ #thewoods a #stream that all follow a #waterfall [__________________________] #hike #river #forest #undergrowth‚Ä¶ https://t.co/lfvTaf1urF
1072392076820664322,2018-12-11 07:26:09,Instagram,,,,30752275,NicholasVitale,,,False,0,0,False,False,en,River | Woodstock
 Nick‚Äôs Christmas üéÑ Remix üí´
 STREAM on #applemusic #spotify #itunes #amazon etc!! #mix #remix‚Ä¶ https://t.co/CCXjQ2UmDe
1072917487119929344,2018-12-12 18:13:57,Twitter for Android,,,,3291337947,ThePhotoHour,,,False,2,0,False,False,en,RT @Vemil13: Survival #ThePhotoHour #dailyphoto #MyPhoto #photoart  #water #stream #river #nature #longexposure #color #autumn #fall https:‚Ä¶
1072895006988472326,2018-12-12 16:44:37,Aldo Zaffalon,,,,2785271728,yamatho2,,,False,2,0,False,False,en,RT @Vemil13: Survival #ThePhotoHour #dailyphoto #MyPhoto #photoart  #water #stream #river #nature #longexposure #color #autumn #fall https:‚Ä¶
1072894815166218241,2018-12-12 16:43:52,Twitter Web Client,,,,1536451098,Vemil13,,,False,2,4,False,False,en,Survival #ThePhotoHour #dailyphoto #MyPhoto #photoart  #water #stream #river #nature #longexposure #color #autumn‚Ä¶ https://t.co/BKBDPGgBW3
1072664704928153600,2018-12-12 01:29:29,Aldo Zaffalon,,,,2785271728,yamatho2,,,False,1,0,False,False,en,RT @SGumpa: Photo By PublicDomainPictures | Pixabay - via @Crowdfire  
  #water #river #pond #streaming #fishingandoutdoors https://t.co/CdK‚Ä¶
1072663601851322368,2018-12-12 01:25:06,Crowdfire - Go Big,,,,1023563993875722240,SGumpa,,,False,1,5,False,False,en,Photo By PublicDomainPictures | Pixabay - via @Crowdfire  
  #water #river #pond #streaming #fishingandoutdoors https://t.co/CdKNPQXANw
1073340489418575873,2018-12-13 22:14:49,Twitter Web Client,,,,1536451098,Vemil13,,,False,0,0,False,False,en,Mirror Cleaning #ThePhotoHour #dailyphoto #MyPhoto #photoart  #water #stream #river #nature #longexposure #color‚Ä¶ https://t.co/kyH9g0TxRY
1073310643644706817,2018-12-13 20:16:13,Twitter for Android,,,,3291337947,ThePhotoHour,,,False,1,0,False,False,en,RT @Vemil13: Preparation for Winter #ThePhotoHour #dailyphoto #MyPhoto #photoart #water #stream #river #nature #longexposure #blackandwhite‚Ä¶
1073309010491817984,2018-12-13 20:09:43,Twitter Web Client,,,,1536451098,Vemil13,,,False,1,4,False,False,en,Preparation for Winter #ThePhotoHour #dailyphoto #MyPhoto #photoart #water #stream #river #nature #longexposure‚Ä¶ https://t.co/Mk51ffvm6E
1073705687014928385,2018-12-14 22:25:58,Twitter for Android,,,,3291337947,ThePhotoHour,,,False,1,0,False,False,en,RT @Vemil13: Difficulty Crossing #ThePhotoHour #dailyphoto #MyPhoto #photoart  #water #stream #river #waterfalls #nature #longexposure http‚Ä¶
1073689160639307778,2018-12-14 21:20:18,Twitter Web Client,,,,1536451098,Vemil13,,,False,1,4,False,False,en,Difficulty Crossing #ThePhotoHour #dailyphoto #MyPhoto #photoart  #water #stream #river #waterfalls #nature‚Ä¶ https://t.co/DPRUxm8zZV
1073631157768470528,2018-12-14 17:29:49,Twitter for Android,,,,3291337947,ThePhotoHour,,,False,1,0,False,False,en,RT @Vemil13: Hidden Pathways #ThePhotoHour #dailyphoto #MyPhoto #photoart  #water #stream #river #nature #longexposure #color #longexposure‚Ä¶
1073614896187756544,2018-12-14 16:25:12,Twitter Web Client,,,,1536451098,Vemil13,,,False,1,2,False,False,en,Hidden Pathways #ThePhotoHour #dailyphoto #MyPhoto #photoart  #water #stream #river #nature #longexposure #color‚Ä¶ https://t.co/4sejA5Ho6C
1074069085053440001,2018-12-15 22:29:59,Aldo Zaffalon,,,,2785271728,yamatho2,,,False,1,0,False,False,en,RT @AVphotog: Another look at the stomne tunnel over the creek. #blackandwhitephotography #stone #rock #tunnel #creek #water #stream #river‚Ä¶
1073934867564584965,2018-12-15 13:36:39,IFTTT,,,,276839527,TheAmanSagwal,,,False,0,0,False,False,und,"#water, #nature, #outdoors, #stone, #river, #wood, #rock, #people, #travel, #stream, #summer, #environment, #tree,‚Ä¶ https://t.co/yTrHSDrLBE"
1073917740266741760,2018-12-15 12:28:36,Instagram,,,,276839527,TheAmanSagwal,NZ,"Auckland, New Zealand",False,0,0,False,False,und,"#water, #nature, #outdoors, #stone, #river, #wood, #rock, #people, #travel, #stream, #summer, #environment, #tree,‚Ä¶ https://t.co/6HcXokqbuj"
1073914239658704899,2018-12-15 12:14:41,Instagram,,,,276839527,TheAmanSagwal,NZ,"Auckland, New Zealand",False,0,0,False,False,tl,#water #nature #outdoors #stone #river #wood #rock #people #travel #stream #summer #environment #tree #food #park‚Ä¶ https://t.co/o81cfW9LJv
1074408664755290112,2018-12-16 20:59:21,Aldo Zaffalon,,,,2785271728,yamatho2,,,False,1,0,False,False,en,RT @jbroad_photos: Another shot of Venford üòä ‚Ä¢ ‚Ä¢ ‚Ä¢ ‚Ä¢ #waterfall #waterfallphotography #river #stream #water #longexposure #longexposurephot‚Ä¶
1074408496349745152,2018-12-16 20:58:41,IFTTT,,,,896833408021737476,jbroad_photos,,,False,1,1,False,False,en,Another shot of Venford üòä ‚Ä¢ ‚Ä¢ ‚Ä¢ ‚Ä¢ #waterfall #waterfallphotography #river #stream #water #longexposure‚Ä¶ https://t.co/i1R8aqCKPb
1074257798106619904,2018-12-16 10:59:52,Aldo Zaffalon,,,,2785271728,yamatho2,,,False,1,0,False,False,und,RT @MouFranco: https://t.co/CVOAWIyBF1 #biologist #biology #water #analysis #environmental #river #science #chemistry #stream #scientific #‚Ä¶
1074257780415127552,2018-12-16 10:59:48,Aldo Zaffalon,,,,2785271728,yamatho2,,,False,1,0,False,False,und,RT @MouFranco: https://t.co/laXavFtK5f #biologist #biology #water #analysis #environmental #river #science #chemistry #stream #scientific #‚Ä¶
1074257096772743168,2018-12-16 10:57:05,LinkedIn,,,,2786287706,MouFranco,,,False,1,2,False,False,und,https://t.co/CVOAWIyBF1 #biologist #biology #water #analysis #environmental #river #science #chemistry #stream‚Ä¶ https://t.co/hCoRlPiRWg
1074256443103014912,2018-12-16 10:54:29,LinkedIn,,,,2786287706,MouFranco,,,False,1,0,False,False,und,https://t.co/laXavFtK5f #biologist #biology #water #analysis #environmental #river #science #chemistry #stream‚Ä¶ https://t.co/tDMWsinvNA
1074255696995115008,2018-12-16 10:51:31,LinkedIn,,,,2786287706,MouFranco,,,False,0,0,False,False,und,https://t.co/BVo7S4U25f #biologist #biology #water #analysis #environmental #river #science #chemistry #stream‚Ä¶ https://t.co/9AKkfRZtR5
1074254472270888960,2018-12-16 10:46:39,LinkedIn,,,,2786287706,MouFranco,,,False,0,0,False,False,und,https://t.co/P9gJq5qYLh #biologist #biology #water #analysis #environmental #river #science #chemistry #stream‚Ä¶ https://t.co/FRXnT3rn4b
1074247685312577536,2018-12-16 10:19:41,Twitter Web Client,,,,999621483755286530,StarColombo,,,False,9,0,False,False,en,RT @travelsuncorked: Swiss National Park in #Switzerland: #Swiss #NationalParks #idealdestinations #destination #nature #river #stream http‚Ä¶
1074238921196879874,2018-12-16 09:44:51,Aldo Zaffalon,,,,2785271728,yamatho2,,,False,1,0,False,False,und,"RT @TheAmanSagwal: #water, #nature, #outdoors, #stone, #river, #wood, #rock, #people, #travel, #stream, #summer, #environment, #tree, #food‚Ä¶"
1074236842449559552,2018-12-16 09:36:36,IFTTT,,,,276839527,TheAmanSagwal,,,False,1,0,False,False,und,"#water, #nature, #outdoors, #stone, #river, #wood, #rock, #people, #travel, #stream, #summer, #environment, #tree,‚Ä¶ https://t.co/CujVuXEE2I"
1074721852264800256,2018-12-17 17:43:51,Twitter for Android,,,,936677040,SAGREN6,,,False,1,0,False,False,en,RT @pfg_film: A small waterfall
 #SouthAfrica #Drakensberg #Waterfall #Travel #Clerens #Adventure #YOLO #Forrest #Woods #Stream #River #Boul‚Ä¶
1074721735050706945,2018-12-17 17:43:23,Twitter for Android,,,,1878417752,Monique_PR_,,,False,1,0,False,False,en,RT @pfg_film: A small waterfall
 #SouthAfrica #Drakensberg #Waterfall #Travel #Clerens #Adventure #YOLO #Forrest #Woods #Stream #River #Boul‚Ä¶
1074560025891364864,2018-12-17 07:00:49,Buffer,,,,2768681123,pfg_film,,,False,1,3,False,False,en,A small waterfall
 #SouthAfrica #Drakensberg #Waterfall #Travel #Clerens #Adventure #YOLO #Forrest #Woods #Stream‚Ä¶ https://t.co/qNWiR6rplW
1075158897948876800,2018-12-18 22:40:31,Instagram,,,,262009316,RebelTrooper09,US,"Grants Pass, OR",False,0,0,False,False,en,HIS plans #photography #mountains #forest #woods #river #stream #winter #naturephotography #nature #naturelovers‚Ä¶ https://t.co/HuelDt4XYz
1075158233638207488,2018-12-18 22:37:53,Instagram,,,,262009316,RebelTrooper09,US,"Grants Pass, OR",False,0,0,False,False,en,HIS plans #photography #mountains #forest #woods #river #stream #winter #naturephotography #nature #naturelovers‚Ä¶ https://t.co/Udf3WxrwVE
1075243732092493824,2018-12-19 04:17:37,Instagram,,,,1619799860,hookedsprockets,,,False,0,0,False,False,und,#healthcare #brain #corvette #pain #painmanagement #chemicalguys #poolboy #ocean #beach #lake #river #stream #nurse‚Ä¶ https://t.co/6upuRqvwSc
1075187227284660225,2018-12-19 00:33:05,Instagram,,,,22031441,sosparkly,US,"Ohio, USA",False,0,0,False,False,en,The rushing waters #river #stream #woods #trees üå≤ @ Clifton Gorge State Nature Preserve https://t.co/G6ov5hdWvA
1072989631656939521,2018-12-12 23:00:38,Hootsuite Inc.,,,,515680795,FramedImage,,,False,0,1,False,False,en,"Winter is Coming Exhibit &amp; Sale at Framed Image thru Dec 31st. Stream Along by Nancy Wylie, Pastel, 11x14, $700‚Ä¶ https://t.co/xb4qhqx9dg"
1073228777319211009,2018-12-13 14:50:54,Twitter for iPhone,,,,910857717207769089,NRobinsonEA,,,False,3,0,False,False,en,RT @LincChalkStream: No particular #invasivespecies on the #chalkstream we were last in but still doing #checkcleandry before going to diff‚Ä¶
1073222584131567618,2018-12-13 14:26:18,Twitter Web Client,,,,1026400249,LincsWoldsAONB,,,False,3,0,False,False,en,RT @LincChalkStream: No particular #invasivespecies on the #chalkstream we were last in but still doing #checkcleandry before going to diff‚Ä¶
1073213869143801856,2018-12-13 13:51:40,Twitter Web Client,,,,991594449145876481,gareth_alder,,,False,3,0,False,False,en,RT @LincChalkStream: No particular #invasivespecies on the #chalkstream we were last in but still doing #checkcleandry before going to diff‚Ä¶
1073206824223105024,2018-12-13 13:23:40,TweetDeck,,,,2922902337,LincChalkStream,,,False,3,11,False,False,en,No particular #invasivespecies on the #chalkstream we were last in but still doing #checkcleandry before going to d‚Ä¶ https://t.co/2QIfWQXczp
1073200881837969408,2018-12-13 13:00:03,Aldo Zaffalon,,,,2785271728,yamatho2,,,True,1,0,False,False,en,RT @FrshwtrC: California being proactive conservationists   #Fishing #MarineBiology #Conservation #California #River #Stream #Creek #Lake #‚Ä¶
1073200400558379010,2018-12-13 12:58:09,Twitter for iPhone,,,,1071757570925191173,FrshwtrC,,,True,1,0,False,False,en,California being proactive conservationists   #Fishing #MarineBiology #Conservation #California #River #Stream‚Ä¶ https://t.co/wF3ZIoDuYI
1073154182008303616,2018-12-13 09:54:29,Twitter Web Client,,,,1015430650843750400,RyevenRaven,,,False,180,0,False,False,en,RT @AstridIdrilFox: I drew concept art for my animation/PMV thing about Graystripe and Silverstream which I'm working on ^^  #Warriors #war‚Ä¶
1073481626888343553,2018-12-14 07:35:38,Twitter for iPhone,,,,3407638493,lexGGP,,,False,5,0,False,False,en,RT @LincChalkStream: No particular #invasivespecies on the #chalkstream we were last in but still doing #checkcleandry before going to diff‚Ä¶
1073472014189543424,2018-12-14 06:57:26,Twitter Web Client,,,,179150285,WSFTrust,,,False,5,0,False,False,en,RT @LincChalkStream: No particular #invasivespecies on the #chalkstream we were last in but still doing #checkcleandry before going to diff‚Ä¶
1073470939432714240,2018-12-14 06:53:10,Twitter for iPhone,,,,414647121,DrGGWilson,,,False,0,0,False,False,en,Amazing habitat diversity from the upstream  #Kavango #River down into the #OkavangoDelta and its distributory chan‚Ä¶ https://t.co/B3XpYZAm8k
1073393395194884096,2018-12-14 01:45:02,Buffer,,,,92777454,sandman_kk,,,False,0,0,False,False,en,"[Upload] https://t.co/RTuAp5qLxu Shibuya Stream. 8159 #Tokyo, #Japan, #urban, #cityscape, #river, #perspective,‚Ä¶ https://t.co/zln3dWWyAG"
1074035490368733184,2018-12-15 20:16:30,TweetDeck,,,,14553626,chronicallydave,,,False,2,0,False,False,en,"RT @AnthonyLanman: Our backyard...  #flood #stream #river #pasty #bloomingtonindiana @ Bloomington, Indiana https://t.co/Rg4sixBFOj"
1074035182779449349,2018-12-15 20:15:16,TwitterAppBots,,,,2595870686,daniceraj,,,False,2,0,False,False,en,"RT @AnthonyLanman: Our backyard...  #flood #stream #river #pasty #bloomingtonindiana @ Bloomington, Indiana https://t.co/Rg4sixBFOj"
1074032331659333632,2018-12-15 20:03:57,Instagram,,,,16118287,AnthonyLanman,US,"Indiana, USA",False,2,0,False,False,en,"Our backyard...  #flood #stream #river #pasty #bloomingtonindiana @ Bloomington, Indiana https://t.co/Rg4sixBFOj"
1073970513205256192,2018-12-15 15:58:18,Instagram,,,,552808657,GoNativeToys,,,False,0,0,False,False,en,Hiking in Texas. #texas #exploring #hills #mountains #river #stream #park #cowboys #cattle  #michaelnorman‚Ä¶ https://t.co/yLBsxiVQCW
1073884225026355200,2018-12-15 10:15:25,The Edinburgh Forum app,,,,1037405206529671168,Edinburgh_forum,,,False,1,0,False,False,en,RT @mark_fearn_art: By the Stream #art by Mark  https://t.co/v1iyjheyFK   #Painting #abstract #contemporaryart #abstractart #abstractpainti‚Ä¶
1073882053165359104,2018-12-15 10:06:47,Twitter Web Client,,,,704012945,mark_fearn_art,,,False,1,4,False,False,en,By the Stream #art by Mark  https://t.co/v1iyjheyFK   #Painting #abstract #contemporaryart #abstractart‚Ä¶ https://t.co/BjRbGIGmwB
1073868331290107905,2018-12-15 09:12:16,FullonTweeter,,,,777824457293312000,Full_on_fulton,,,False,0,0,False,False,en,River Rapids https://t.co/yUEgVRfvlY #art #minimalist #minimal #stripes #blue #river #stream #design #abstract #redbubble
1073774773291892736,2018-12-15 03:00:30,Hootsuite Inc.,,,,733658471288049664,arnezphoto,,,False,0,0,False,False,en,"Coming home. A small boat going up Haulover Creek at dusk, the stream separates the northern and southern parts of‚Ä¶ https://t.co/YJWw9XCNmL"
1074408024771624966,2018-12-16 20:56:49,TweetCaster for Android,,,,183386602,RiverSwami,,,False,0,0,False,False,en,USGS: #Delaware #River @#Trenton NJ Temp 40.8¬∞Füå°Ô∏è pH 7.7 Streamflow 18800cfs Gage height 11ftüí¶ Turbidity 4.5FNU Dis‚Ä¶ https://t.co/sFpdNH4ilp
1074338878297907200,2018-12-16 16:22:03,Twitter for iPhone,,,,4634798139,willettbranch,,,True,0,1,False,False,en,"Great job, FOSC!  Every #stream #creek or #river needs friends like you! #ClimateChange makes friends even more imp‚Ä¶ https://t.co/ypHoDlP3Qo"
1074503209752907781,2018-12-17 03:15:03,Buffer,,,,92777454,sandman_kk,,,False,0,1,False,False,en,"[Upload] https://t.co/pxp51LdOml Shibuya Stream. 8176 #Tokyo, #Japan, #street, #river, #urban, #night, #buildings,‚Ä¶ https://t.co/7BpAx1qEjb"
1075379947018031104,2018-12-19 13:18:53,Twitter Web Client,,,,898110672889925632,Officialmesl,,,False,0,0,False,False,en,Mainstream Energy Solutions Ltd will continue to #support #key catchment area communities around the #River #Niger.‚Ä¶ https://t.co/yDMRH8IgRV
1075350275731415040,2018-12-19 11:20:59,Twitter Web Client,,,,523714309,JJJussi,,,False,0,1,False,False,en,Our stream ecology research group @UniOulu is recruiting a PhD candidate to a research project focusing on multiple‚Ä¶ https://t.co/GFpExCRSx6
1071569452934807552,2018-12-09 00:57:21,Twitter Web Client,,,,704012945,mark_fearn_art,,,False,2,0,False,False,en,RT @mark_fearn_art: By the Stream #art by Mark  https://t.co/v1iyjheyFK ‚Ä¶  #Painting #abstract #contemporaryart #abstractart #abstractpaint‚Ä¶
